-- phpMyAdmin SQL Dump
-- version 5.2.1
-- https://www.phpmyadmin.net/
--
-- Host: 127.0.0.1
-- Generation Time: Nov 27, 2024 at 05:53 PM
-- Server version: 8.0.37
-- PHP Version: 8.2.12

SET SQL_MODE = "NO_AUTO_VALUE_ON_ZERO";
START TRANSACTION;
SET time_zone = "+00:00";


/*!40101 SET @OLD_CHARACTER_SET_CLIENT=@@CHARACTER_SET_CLIENT */;
/*!40101 SET @OLD_CHARACTER_SET_RESULTS=@@CHARACTER_SET_RESULTS */;
/*!40101 SET @OLD_COLLATION_CONNECTION=@@COLLATION_CONNECTION */;
/*!40101 SET NAMES utf8mb4 */;

--
-- Database: `sports_events_calendar`
--

-- --------------------------------------------------------

--
-- Table structure for table `sec_coaches`
--

CREATE TABLE `sec_coaches` (
  `sec_co_id` int NOT NULL,
  `sec_co_person_id` int NOT NULL,
  `sec_co_team_id` int NOT NULL,
  `sec_co_start_date` datetime NOT NULL DEFAULT CURRENT_TIMESTAMP,
  `sec_co_end_date` datetime DEFAULT NULL
) ENGINE=InnoDB DEFAULT CHARSET=utf8mb4 COLLATE=utf8mb4_0900_ai_ci;

--
-- Dumping data for table `sec_coaches`
--

INSERT INTO `sec_coaches` (`sec_co_id`, `sec_co_person_id`, `sec_co_team_id`, `sec_co_start_date`, `sec_co_end_date`) VALUES
(1, 1, 1, '2024-07-01 00:00:00', NULL),
(2, 3, 2, '2024-11-15 00:00:00', NULL),
(3, 5, 3, '2023-04-18 00:00:00', NULL),
(4, 7, 4, '2023-04-11 00:00:00', NULL);

-- --------------------------------------------------------

--
-- Table structure for table `sec_countries`
--

CREATE TABLE `sec_countries` (
  `sec_ct_id` int NOT NULL,
  `sec_ct_name` varchar(63) NOT NULL,
  `sec_ct_symbol` varchar(3) NOT NULL
) ENGINE=InnoDB DEFAULT CHARSET=utf8mb4 COLLATE=utf8mb4_0900_ai_ci;

--
-- Dumping data for table `sec_countries`
--

INSERT INTO `sec_countries` (`sec_ct_id`, `sec_ct_name`, `sec_ct_symbol`) VALUES
(1, 'Austria', 'AT'),
(2, 'Netherlands', 'NL'),
(3, 'Germany', 'DE'),
(4, 'Canada', 'CA');

-- --------------------------------------------------------

--
-- Table structure for table `sec_events`
--

CREATE TABLE `sec_events` (
  `sec_ev_id` int NOT NULL,
  `sec_ev_type_id` int NOT NULL,
  `sec_ev_sport_id` int NOT NULL,
  `sec_ev_name` varchar(255) NOT NULL,
  `sec_ev_description` varchar(1023) DEFAULT NULL,
  `sec_ev_venue_id` int NOT NULL,
  `sec_ev_date_start` datetime NOT NULL,
  `sec_ev_date_end` datetime DEFAULT NULL
) ENGINE=InnoDB DEFAULT CHARSET=utf8mb4 COLLATE=utf8mb4_0900_ai_ci;

--
-- Dumping data for table `sec_events`
--

INSERT INTO `sec_events` (`sec_ev_id`, `sec_ev_type_id`, `sec_ev_sport_id`, `sec_ev_name`, `sec_ev_description`, `sec_ev_venue_id`, `sec_ev_date_start`, `sec_ev_date_end`) VALUES
(2, 1, 1, 'Final', NULL, 1, '2019-07-18 18:30:00', '2019-07-18 20:30:00'),
(36, 1, 2, 'Ice hockey match', NULL, 4, '2024-11-30 17:00:00', NULL),
(37, 1, 2, 'Ice hockey championship', NULL, 3, '2024-11-30 13:16:00', NULL),
(38, 2, 1, 'Football game 27.11', NULL, 2, '2024-11-27 18:00:00', NULL),
(45, 1, 2, 'Last game in the season', NULL, 4, '2024-11-30 17:52:00', NULL);

-- --------------------------------------------------------

--
-- Table structure for table `sec_event_types`
--

CREATE TABLE `sec_event_types` (
  `sec_et_id` int NOT NULL,
  `sec_et_name` varchar(255) CHARACTER SET utf8mb4 COLLATE utf8mb4_0900_ai_ci NOT NULL,
  `sec_et_description` varchar(1023) CHARACTER SET utf8mb4 COLLATE utf8mb4_0900_ai_ci DEFAULT NULL
) ENGINE=InnoDB DEFAULT CHARSET=utf8mb4 COLLATE=utf8mb4_0900_ai_ci;

--
-- Dumping data for table `sec_event_types`
--

INSERT INTO `sec_event_types` (`sec_et_id`, `sec_et_name`, `sec_et_description`) VALUES
(1, 'Competitive match', ''),
(2, 'Friendly match', '');

-- --------------------------------------------------------

--
-- Table structure for table `sec_participants`
--

CREATE TABLE `sec_participants` (
  `sec_pa_id` int NOT NULL,
  `sec_pa_event_id` int NOT NULL,
  `sec_pa_participant_id` int NOT NULL,
  `sec_pa_participant_type` char(1) NOT NULL COMMENT 'C-coach; P-player; T-Team'
) ENGINE=InnoDB DEFAULT CHARSET=utf8mb4 COLLATE=utf8mb4_0900_ai_ci;

--
-- Dumping data for table `sec_participants`
--

INSERT INTO `sec_participants` (`sec_pa_id`, `sec_pa_event_id`, `sec_pa_participant_id`, `sec_pa_participant_type`) VALUES
(53, 2, 1, 'T'),
(54, 2, 2, 'T'),
(71, 36, 3, 'T'),
(72, 36, 4, 'T'),
(73, 37, 3, 'T'),
(74, 37, 4, 'T'),
(75, 38, 1, 'T'),
(76, 38, 1, 'T'),
(89, 45, 3, 'T'),
(90, 45, 4, 'T');

-- --------------------------------------------------------

--
-- Table structure for table `sec_persons`
--

CREATE TABLE `sec_persons` (
  `sec_pe_id` int NOT NULL,
  `sec_pe_name` varchar(63) CHARACTER SET utf8mb4 COLLATE utf8mb4_0900_ai_ci NOT NULL,
  `sec_pe_surname` varchar(63) CHARACTER SET utf8mb4 COLLATE utf8mb4_0900_ai_ci NOT NULL,
  `sec_pe_birth_date` date NOT NULL,
  `sec_pe_ssn` int NOT NULL,
  `sec_pe_country_id` int NOT NULL
) ENGINE=InnoDB DEFAULT CHARSET=utf8mb4 COLLATE=utf8mb4_0900_ai_ci;

--
-- Dumping data for table `sec_persons`
--

INSERT INTO `sec_persons` (`sec_pe_id`, `sec_pe_name`, `sec_pe_surname`, `sec_pe_birth_date`, `sec_pe_ssn`, `sec_pe_country_id`) VALUES
(1, 'Pepijn', 'Lijnders', '1983-01-24', 1, 2),
(2, 'Janis', 'Blaswich', '1991-05-02', 2, 3),
(3, 'Juergen', 'Saeumel', '1984-09-08', 3, 1),
(4, 'Kjell', 'Scherpen', '2000-01-23', 4, 2),
(5, 'Kirk', 'Furey', '1976-01-28', 5, 4),
(6, 'Johannes', 'Bischofberger', '1994-07-13', 6, 1),
(7, 'Marc', 'Habscheid', '1963-03-01', 7, 4),
(8, 'Patrick', 'Antal', '2000-10-24', 8, 1);

-- --------------------------------------------------------

--
-- Table structure for table `sec_players`
--

CREATE TABLE `sec_players` (
  `sec_pl_id` int NOT NULL,
  `sec_pl_team_id` int NOT NULL,
  `sec_pl_person_id` int NOT NULL,
  `sec_pl_height` varchar(7) DEFAULT NULL,
  `sec_pl_position_id` int NOT NULL,
  `sec_pl_date_start` datetime NOT NULL DEFAULT CURRENT_TIMESTAMP,
  `sec_pl_date_end` datetime DEFAULT NULL,
  `sec_pl_player_no` int NOT NULL,
  `sec_pl_comment` varchar(1023) CHARACTER SET utf8mb4 COLLATE utf8mb4_0900_ai_ci DEFAULT NULL
) ENGINE=InnoDB DEFAULT CHARSET=utf8mb4 COLLATE=utf8mb4_0900_ai_ci;

--
-- Dumping data for table `sec_players`
--

INSERT INTO `sec_players` (`sec_pl_id`, `sec_pl_team_id`, `sec_pl_person_id`, `sec_pl_height`, `sec_pl_position_id`, `sec_pl_date_start`, `sec_pl_date_end`, `sec_pl_player_no`, `sec_pl_comment`) VALUES
(1, 1, 2, NULL, 1, '2024-07-01 00:00:00', NULL, 1, NULL),
(2, 2, 4, NULL, 1, '2023-07-06 00:00:00', NULL, 1, NULL),
(3, 3, 6, NULL, 9, '2016-09-16 00:00:00', NULL, 46, NULL),
(4, 4, 8, NULL, 6, '2021-01-03 00:00:00', NULL, 10, NULL);

-- --------------------------------------------------------

--
-- Table structure for table `sec_positions`
--

CREATE TABLE `sec_positions` (
  `sec_po_id` int NOT NULL,
  `sec_po_name` varchar(63) NOT NULL,
  `sec_po_symbol` varchar(3) NOT NULL,
  `sec_po_sport_id` int NOT NULL
) ENGINE=InnoDB DEFAULT CHARSET=utf8mb4 COLLATE=utf8mb4_0900_ai_ci;

--
-- Dumping data for table `sec_positions`
--

INSERT INTO `sec_positions` (`sec_po_id`, `sec_po_name`, `sec_po_symbol`, `sec_po_sport_id`) VALUES
(1, 'Goalkeeper', 'GK', 1),
(2, 'Defender', 'DF', 1),
(3, 'Midfielder', 'MF', 1),
(4, 'Forward', 'FW', 1),
(5, 'Centre', 'C', 2),
(6, 'Forward', 'F', 2),
(7, 'Defenceman', 'D', 2),
(8, 'Right Winger', 'RW', 2),
(9, 'Left Winger', 'LW', 2),
(10, 'Goaltender', 'G', 2);

-- --------------------------------------------------------

--
-- Table structure for table `sec_scores`
--

CREATE TABLE `sec_scores` (
  `sec_sc_id` int NOT NULL,
  `sec_sc_winner_id` int NOT NULL,
  `sec_sc_score_1` int NOT NULL,
  `sec_sc_score_2` int NOT NULL
) ENGINE=InnoDB DEFAULT CHARSET=utf8mb4 COLLATE=utf8mb4_0900_ai_ci;

-- --------------------------------------------------------

--
-- Table structure for table `sec_sports`
--

CREATE TABLE `sec_sports` (
  `sec_sp_id` int NOT NULL,
  `sec_sp_name` varchar(255) NOT NULL
) ENGINE=InnoDB DEFAULT CHARSET=utf8mb4 COLLATE=utf8mb4_0900_ai_ci;

--
-- Dumping data for table `sec_sports`
--

INSERT INTO `sec_sports` (`sec_sp_id`, `sec_sp_name`) VALUES
(1, 'Football'),
(2, 'Ice Hockey');

-- --------------------------------------------------------

--
-- Table structure for table `sec_teams`
--

CREATE TABLE `sec_teams` (
  `sec_te_id` int NOT NULL,
  `sec_te_full_name` varchar(255) CHARACTER SET utf8mb4 COLLATE utf8mb4_0900_ai_ci NOT NULL,
  `sec_te_short_name` varchar(63) CHARACTER SET utf8mb4 COLLATE utf8mb4_0900_ai_ci NOT NULL,
  `sec_te_established` date NOT NULL,
  `sec_te_description` varchar(1023) CHARACTER SET utf8mb4 COLLATE utf8mb4_0900_ai_ci NOT NULL,
  `sec_te_venue_id` int NOT NULL,
  `sec_te_country_id` int NOT NULL
) ENGINE=InnoDB DEFAULT CHARSET=utf8mb4 COLLATE=utf8mb4_0900_ai_ci;

--
-- Dumping data for table `sec_teams`
--

INSERT INTO `sec_teams` (`sec_te_id`, `sec_te_full_name`, `sec_te_short_name`, `sec_te_established`, `sec_te_description`, `sec_te_venue_id`, `sec_te_country_id`) VALUES
(1, 'Red Bull Salzburg', 'Salzburg', '1933-09-13', '', 1, 1),
(2, 'SK Sturm Graz', 'Sturm', '1909-05-01', '', 2, 1),
(3, 'EC KAC', 'KAC', '1909-09-18', '', 3, 1),
(4, 'Vienna Capitals', 'Capitals', '2001-01-01', '', 4, 1);

-- --------------------------------------------------------

--
-- Table structure for table `sec_venues`
--

CREATE TABLE `sec_venues` (
  `sec_ve_id` int NOT NULL,
  `sec_ve_name` varchar(255) NOT NULL,
  `sec_ve_capacity` int NOT NULL,
  `sec_ve_street` varchar(63) CHARACTER SET utf8mb4 COLLATE utf8mb4_0900_ai_ci NOT NULL,
  `sec_ve_build_no` varchar(15) CHARACTER SET utf8mb4 COLLATE utf8mb4_0900_ai_ci NOT NULL,
  `sec_ve_zip_code` varchar(15) CHARACTER SET utf8mb4 COLLATE utf8mb4_0900_ai_ci NOT NULL,
  `sec_ve_city` varchar(63) CHARACTER SET utf8mb4 COLLATE utf8mb4_0900_ai_ci NOT NULL,
  `sec_ve_country_id` int NOT NULL
) ENGINE=InnoDB DEFAULT CHARSET=utf8mb4 COLLATE=utf8mb4_0900_ai_ci;

--
-- Dumping data for table `sec_venues`
--

INSERT INTO `sec_venues` (`sec_ve_id`, `sec_ve_name`, `sec_ve_capacity`, `sec_ve_street`, `sec_ve_build_no`, `sec_ve_zip_code`, `sec_ve_city`, `sec_ve_country_id`) VALUES
(1, 'Red Bull Arena', 31895, 'Stadionstraße', '2', '5071', 'Salzburg', 1),
(2, 'Merkur Arena', 15400, 'Stadionplatz', '1', '8041', 'Graz-Liebenau', 1),
(3, 'Stadthalle', 4945, 'Messeplatz', '3', '9020', 'Klagenfurt', 1),
(4, 'Steffl Arena', 7000, 'Attemsgasse', '1', '1220', 'Vienna', 1);

--
-- Indexes for dumped tables
--

--
-- Indexes for table `sec_coaches`
--
ALTER TABLE `sec_coaches`
  ADD PRIMARY KEY (`sec_co_id`),
  ADD KEY `_coach_team` (`sec_co_team_id`),
  ADD KEY `_coach_person` (`sec_co_person_id`);

--
-- Indexes for table `sec_countries`
--
ALTER TABLE `sec_countries`
  ADD PRIMARY KEY (`sec_ct_id`);

--
-- Indexes for table `sec_events`
--
ALTER TABLE `sec_events`
  ADD PRIMARY KEY (`sec_ev_id`),
  ADD KEY `_event_venue` (`sec_ev_venue_id`),
  ADD KEY `_event_sport` (`sec_ev_sport_id`),
  ADD KEY `_event_event-type` (`sec_ev_type_id`);

--
-- Indexes for table `sec_event_types`
--
ALTER TABLE `sec_event_types`
  ADD PRIMARY KEY (`sec_et_id`);

--
-- Indexes for table `sec_participants`
--
ALTER TABLE `sec_participants`
  ADD PRIMARY KEY (`sec_pa_id`),
  ADD KEY `_participant_event` (`sec_pa_event_id`),
  ADD KEY `_participant_coach` (`sec_pa_participant_id`);

--
-- Indexes for table `sec_persons`
--
ALTER TABLE `sec_persons`
  ADD PRIMARY KEY (`sec_pe_id`),
  ADD KEY `_person_country` (`sec_pe_country_id`);

--
-- Indexes for table `sec_players`
--
ALTER TABLE `sec_players`
  ADD PRIMARY KEY (`sec_pl_id`),
  ADD KEY `_player_position` (`sec_pl_position_id`),
  ADD KEY `_player_person` (`sec_pl_person_id`);

--
-- Indexes for table `sec_positions`
--
ALTER TABLE `sec_positions`
  ADD PRIMARY KEY (`sec_po_id`),
  ADD KEY `_position_sport` (`sec_po_sport_id`);

--
-- Indexes for table `sec_scores`
--
ALTER TABLE `sec_scores`
  ADD PRIMARY KEY (`sec_sc_id`),
  ADD KEY `_score_team` (`sec_sc_winner_id`);

--
-- Indexes for table `sec_sports`
--
ALTER TABLE `sec_sports`
  ADD PRIMARY KEY (`sec_sp_id`);

--
-- Indexes for table `sec_teams`
--
ALTER TABLE `sec_teams`
  ADD PRIMARY KEY (`sec_te_id`),
  ADD KEY `_team_venue` (`sec_te_venue_id`),
  ADD KEY `_team_country` (`sec_te_country_id`);

--
-- Indexes for table `sec_venues`
--
ALTER TABLE `sec_venues`
  ADD PRIMARY KEY (`sec_ve_id`),
  ADD KEY `_venue_country` (`sec_ve_country_id`);

--
-- AUTO_INCREMENT for dumped tables
--

--
-- AUTO_INCREMENT for table `sec_coaches`
--
ALTER TABLE `sec_coaches`
  MODIFY `sec_co_id` int NOT NULL AUTO_INCREMENT, AUTO_INCREMENT=5;

--
-- AUTO_INCREMENT for table `sec_countries`
--
ALTER TABLE `sec_countries`
  MODIFY `sec_ct_id` int NOT NULL AUTO_INCREMENT, AUTO_INCREMENT=5;

--
-- AUTO_INCREMENT for table `sec_events`
--
ALTER TABLE `sec_events`
  MODIFY `sec_ev_id` int NOT NULL AUTO_INCREMENT, AUTO_INCREMENT=46;

--
-- AUTO_INCREMENT for table `sec_event_types`
--
ALTER TABLE `sec_event_types`
  MODIFY `sec_et_id` int NOT NULL AUTO_INCREMENT, AUTO_INCREMENT=3;

--
-- AUTO_INCREMENT for table `sec_participants`
--
ALTER TABLE `sec_participants`
  MODIFY `sec_pa_id` int NOT NULL AUTO_INCREMENT, AUTO_INCREMENT=91;

--
-- AUTO_INCREMENT for table `sec_persons`
--
ALTER TABLE `sec_persons`
  MODIFY `sec_pe_id` int NOT NULL AUTO_INCREMENT, AUTO_INCREMENT=9;

--
-- AUTO_INCREMENT for table `sec_players`
--
ALTER TABLE `sec_players`
  MODIFY `sec_pl_id` int NOT NULL AUTO_INCREMENT, AUTO_INCREMENT=5;

--
-- AUTO_INCREMENT for table `sec_positions`
--
ALTER TABLE `sec_positions`
  MODIFY `sec_po_id` int NOT NULL AUTO_INCREMENT, AUTO_INCREMENT=11;

--
-- AUTO_INCREMENT for table `sec_scores`
--
ALTER TABLE `sec_scores`
  MODIFY `sec_sc_id` int NOT NULL AUTO_INCREMENT;

--
-- AUTO_INCREMENT for table `sec_sports`
--
ALTER TABLE `sec_sports`
  MODIFY `sec_sp_id` int NOT NULL AUTO_INCREMENT, AUTO_INCREMENT=3;

--
-- AUTO_INCREMENT for table `sec_teams`
--
ALTER TABLE `sec_teams`
  MODIFY `sec_te_id` int NOT NULL AUTO_INCREMENT, AUTO_INCREMENT=5;

--
-- AUTO_INCREMENT for table `sec_venues`
--
ALTER TABLE `sec_venues`
  MODIFY `sec_ve_id` int NOT NULL AUTO_INCREMENT, AUTO_INCREMENT=5;

--
-- Constraints for dumped tables
--

--
-- Constraints for table `sec_coaches`
--
ALTER TABLE `sec_coaches`
  ADD CONSTRAINT `_coach_person` FOREIGN KEY (`sec_co_person_id`) REFERENCES `sec_persons` (`sec_pe_id`) ON DELETE RESTRICT ON UPDATE RESTRICT;

--
-- Constraints for table `sec_events`
--
ALTER TABLE `sec_events`
  ADD CONSTRAINT `_event_event-type` FOREIGN KEY (`sec_ev_type_id`) REFERENCES `sec_event_types` (`sec_et_id`) ON DELETE RESTRICT ON UPDATE RESTRICT,
  ADD CONSTRAINT `_event_sport` FOREIGN KEY (`sec_ev_sport_id`) REFERENCES `sec_sports` (`sec_sp_id`) ON DELETE RESTRICT ON UPDATE RESTRICT,
  ADD CONSTRAINT `_event_venue` FOREIGN KEY (`sec_ev_venue_id`) REFERENCES `sec_venues` (`sec_ve_id`) ON DELETE RESTRICT ON UPDATE RESTRICT;

--
-- Constraints for table `sec_participants`
--
ALTER TABLE `sec_participants`
  ADD CONSTRAINT `_participant_event` FOREIGN KEY (`sec_pa_event_id`) REFERENCES `sec_events` (`sec_ev_id`),
  ADD CONSTRAINT `_participant_team` FOREIGN KEY (`sec_pa_participant_id`) REFERENCES `sec_teams` (`sec_te_id`) ON DELETE RESTRICT ON UPDATE RESTRICT;

--
-- Constraints for table `sec_persons`
--
ALTER TABLE `sec_persons`
  ADD CONSTRAINT `_person_country` FOREIGN KEY (`sec_pe_country_id`) REFERENCES `sec_countries` (`sec_ct_id`) ON DELETE RESTRICT ON UPDATE RESTRICT;

--
-- Constraints for table `sec_players`
--
ALTER TABLE `sec_players`
  ADD CONSTRAINT `_player_person` FOREIGN KEY (`sec_pl_person_id`) REFERENCES `sec_persons` (`sec_pe_id`) ON DELETE RESTRICT ON UPDATE RESTRICT,
  ADD CONSTRAINT `_player_position` FOREIGN KEY (`sec_pl_position_id`) REFERENCES `sec_positions` (`sec_po_id`) ON DELETE RESTRICT ON UPDATE RESTRICT;

--
-- Constraints for table `sec_positions`
--
ALTER TABLE `sec_positions`
  ADD CONSTRAINT `_position_sport` FOREIGN KEY (`sec_po_sport_id`) REFERENCES `sec_sports` (`sec_sp_id`) ON DELETE RESTRICT ON UPDATE RESTRICT;

--
-- Constraints for table `sec_scores`
--
ALTER TABLE `sec_scores`
  ADD CONSTRAINT `_score_player` FOREIGN KEY (`sec_sc_winner_id`) REFERENCES `sec_players` (`sec_pl_id`) ON DELETE RESTRICT ON UPDATE RESTRICT,
  ADD CONSTRAINT `_score_team` FOREIGN KEY (`sec_sc_winner_id`) REFERENCES `sec_teams` (`sec_te_id`) ON DELETE RESTRICT ON UPDATE RESTRICT;

--
-- Constraints for table `sec_teams`
--
ALTER TABLE `sec_teams`
  ADD CONSTRAINT `_team_country` FOREIGN KEY (`sec_te_country_id`) REFERENCES `sec_countries` (`sec_ct_id`) ON DELETE RESTRICT ON UPDATE RESTRICT,
  ADD CONSTRAINT `_team_venue` FOREIGN KEY (`sec_te_venue_id`) REFERENCES `sec_venues` (`sec_ve_id`) ON DELETE RESTRICT ON UPDATE RESTRICT;

--
-- Constraints for table `sec_venues`
--
ALTER TABLE `sec_venues`
  ADD CONSTRAINT `_venue_country` FOREIGN KEY (`sec_ve_country_id`) REFERENCES `sec_countries` (`sec_ct_id`) ON DELETE RESTRICT ON UPDATE RESTRICT;
COMMIT;

/*!40101 SET CHARACTER_SET_CLIENT=@OLD_CHARACTER_SET_CLIENT */;
/*!40101 SET CHARACTER_SET_RESULTS=@OLD_CHARACTER_SET_RESULTS */;
/*!40101 SET COLLATION_CONNECTION=@OLD_COLLATION_CONNECTION */;
